{
  "axes": {
    "left_x": {
      "negative": 1.0,
      "positive": 1.0
    },
    "left_y": {
      "negative": 0.999969482421875,
      "positive": 1.0
    },
    "right_x": {
      "negative": 1.0,
      "positive": 1.0
    },
    "right_y": {
      "negative": 1.0,
      "positive": 1.0
    }
  },
  "corners": {
    "left_dl": {
      "x": 0.87066650390625,
      "y": 0.870849609375
    },
    "left_dr": {
      "x": 0.869903564453125,
      "y": 0.870849609375
    },
    "left_ul": {
      "x": 0.870361328125,
      "y": 0.870452880859375
    },
    "left_ur": {
      "x": 0.87005615234375,
      "y": 0.87060546875
    },
    "right_dl": {
      "x": 0.868255615234375,
      "y": 0.870513916015625
    },
    "right_dr": {
      "x": 0.869171142578125,
      "y": 0.8682861328125
    },
    "right_ul": {
      "x": 0.87054443359375,
      "y": 0.86962890625
    },
    "right_ur": {
      "x": 0.868927001953125,
      "y": 0.870635986328125
    }
  }
}
